finnkode,URL
360239172,https://www.finn.no/realestate/homes/ad.html?finnkode=360239172
361255420,https://www.finn.no/realestate/homes/ad.html?finnkode=361255420
353240563,https://www.finn.no/realestate/homes/ad.html?finnkode=353240563
360075407,https://www.finn.no/realestate/homes/ad.html?finnkode=360075407
360946546,https://www.finn.no/realestate/homes/ad.html?finnkode=360946546
361205943,https://www.finn.no/realestate/homes/ad.html?finnkode=361205943
354278148,https://www.finn.no/realestate/homes/ad.html?finnkode=354278148
360820668,https://www.finn.no/realestate/homes/ad.html?finnkode=360820668
323525069,https://www.finn.no/realestate/homes/ad.html?finnkode=323525069
354595659,https://www.finn.no/realestate/homes/ad.html?finnkode=354595659
360649088,https://www.finn.no/realestate/homes/ad.html?finnkode=360649088
270356464,https://www.finn.no/realestate/homes/ad.html?finnkode=270356464
355608758,https://www.finn.no/realestate/homes/ad.html?finnkode=355608758
361153127,https://www.finn.no/realestate/homes/ad.html?finnkode=361153127
355476764,https://www.finn.no/realestate/homes/ad.html?finnkode=355476764
336401617,https://www.finn.no/realestate/homes/ad.html?finnkode=336401617
352964518,https://www.finn.no/realestate/homes/ad.html?finnkode=352964518
361132171,https://www.finn.no/realestate/homes/ad.html?finnkode=361132171
354782755,https://www.finn.no/realestate/homes/ad.html?finnkode=354782755
359476338,https://www.finn.no/realestate/homes/ad.html?finnkode=359476338
359745838,https://www.finn.no/realestate/homes/ad.html?finnkode=359745838
360800917,https://www.finn.no/realestate/homes/ad.html?finnkode=360800917
360972370,https://www.finn.no/realestate/homes/ad.html?finnkode=360972370
359885260,https://www.finn.no/realestate/homes/ad.html?finnkode=359885260
357679025,https://www.finn.no/realestate/homes/ad.html?finnkode=357679025
353072428,https://www.finn.no/realestate/homes/ad.html?finnkode=353072428
341916390,https://www.finn.no/realestate/homes/ad.html?finnkode=341916390
349804020,https://www.finn.no/realestate/homes/ad.html?finnkode=349804020
344804353,https://www.finn.no/realestate/homes/ad.html?finnkode=344804353
299516406,https://www.finn.no/realestate/homes/ad.html?finnkode=299516406
361043683,https://www.finn.no/realestate/homes/ad.html?finnkode=361043683
360823930,https://www.finn.no/realestate/homes/ad.html?finnkode=360823930
353218446,https://www.finn.no/realestate/homes/ad.html?finnkode=353218446
357930951,https://www.finn.no/realestate/homes/ad.html?finnkode=357930951
359074425,https://www.finn.no/realestate/homes/ad.html?finnkode=359074425
360985763,https://www.finn.no/realestate/homes/ad.html?finnkode=360985763
360694164,https://www.finn.no/realestate/homes/ad.html?finnkode=360694164
360975779,https://www.finn.no/realestate/homes/ad.html?finnkode=360975779
360966624,https://www.finn.no/realestate/homes/ad.html?finnkode=360966624
263150599,https://www.finn.no/realestate/homes/ad.html?finnkode=263150599
360412846,https://www.finn.no/realestate/homes/ad.html?finnkode=360412846
360717320,https://www.finn.no/realestate/homes/ad.html?finnkode=360717320
343732166,https://www.finn.no/realestate/homes/ad.html?finnkode=343732166
263140248,https://www.finn.no/realestate/homes/ad.html?finnkode=263140248
360936703,https://www.finn.no/realestate/homes/ad.html?finnkode=360936703
360356835,https://www.finn.no/realestate/homes/ad.html?finnkode=360356835
360217799,https://www.finn.no/realestate/homes/ad.html?finnkode=360217799
360094633,https://www.finn.no/realestate/homes/ad.html?finnkode=360094633
360026716,https://www.finn.no/realestate/homes/ad.html?finnkode=360026716
293113806,https://www.finn.no/realestate/homes/ad.html?finnkode=293113806
360862161,https://www.finn.no/realestate/homes/ad.html?finnkode=360862161
361255420,https://www.finn.no/realestate/homes/ad.html?finnkode=361255420
353240563,https://www.finn.no/realestate/homes/ad.html?finnkode=353240563
360075407,https://www.finn.no/realestate/homes/ad.html?finnkode=360075407
360946546,https://www.finn.no/realestate/homes/ad.html?finnkode=360946546
361205943,https://www.finn.no/realestate/homes/ad.html?finnkode=361205943
354278148,https://www.finn.no/realestate/homes/ad.html?finnkode=354278148
360820668,https://www.finn.no/realestate/homes/ad.html?finnkode=360820668
323525069,https://www.finn.no/realestate/homes/ad.html?finnkode=323525069
354595659,https://www.finn.no/realestate/homes/ad.html?finnkode=354595659
360649088,https://www.finn.no/realestate/homes/ad.html?finnkode=360649088
270356464,https://www.finn.no/realestate/homes/ad.html?finnkode=270356464
355608758,https://www.finn.no/realestate/homes/ad.html?finnkode=355608758
361153127,https://www.finn.no/realestate/homes/ad.html?finnkode=361153127
355476764,https://www.finn.no/realestate/homes/ad.html?finnkode=355476764
336401617,https://www.finn.no/realestate/homes/ad.html?finnkode=336401617
352964518,https://www.finn.no/realestate/homes/ad.html?finnkode=352964518
361132171,https://www.finn.no/realestate/homes/ad.html?finnkode=361132171
354782755,https://www.finn.no/realestate/homes/ad.html?finnkode=354782755
359476338,https://www.finn.no/realestate/homes/ad.html?finnkode=359476338
359745838,https://www.finn.no/realestate/homes/ad.html?finnkode=359745838
360800917,https://www.finn.no/realestate/homes/ad.html?finnkode=360800917
360972370,https://www.finn.no/realestate/homes/ad.html?finnkode=360972370
359885260,https://www.finn.no/realestate/homes/ad.html?finnkode=359885260
357679025,https://www.finn.no/realestate/homes/ad.html?finnkode=357679025
353072428,https://www.finn.no/realestate/homes/ad.html?finnkode=353072428
341916390,https://www.finn.no/realestate/homes/ad.html?finnkode=341916390
349804020,https://www.finn.no/realestate/homes/ad.html?finnkode=349804020
344804353,https://www.finn.no/realestate/homes/ad.html?finnkode=344804353
299516406,https://www.finn.no/realestate/homes/ad.html?finnkode=299516406
361043683,https://www.finn.no/realestate/homes/ad.html?finnkode=361043683
360823930,https://www.finn.no/realestate/homes/ad.html?finnkode=360823930
353218446,https://www.finn.no/realestate/homes/ad.html?finnkode=353218446
357930951,https://www.finn.no/realestate/homes/ad.html?finnkode=357930951
359074425,https://www.finn.no/realestate/homes/ad.html?finnkode=359074425
360985763,https://www.finn.no/realestate/homes/ad.html?finnkode=360985763
360694164,https://www.finn.no/realestate/homes/ad.html?finnkode=360694164
360975779,https://www.finn.no/realestate/homes/ad.html?finnkode=360975779
360966624,https://www.finn.no/realestate/homes/ad.html?finnkode=360966624
263150599,https://www.finn.no/realestate/homes/ad.html?finnkode=263150599
360412846,https://www.finn.no/realestate/homes/ad.html?finnkode=360412846
360717320,https://www.finn.no/realestate/homes/ad.html?finnkode=360717320
343732166,https://www.finn.no/realestate/homes/ad.html?finnkode=343732166
263140248,https://www.finn.no/realestate/homes/ad.html?finnkode=263140248
360936703,https://www.finn.no/realestate/homes/ad.html?finnkode=360936703
360356835,https://www.finn.no/realestate/homes/ad.html?finnkode=360356835
360217799,https://www.finn.no/realestate/homes/ad.html?finnkode=360217799
360094633,https://www.finn.no/realestate/homes/ad.html?finnkode=360094633
360026716,https://www.finn.no/realestate/homes/ad.html?finnkode=360026716
293113806,https://www.finn.no/realestate/homes/ad.html?finnkode=293113806
360862161,https://www.finn.no/realestate/homes/ad.html?finnkode=360862161
360239172,https://www.finn.no/realestate/homes/ad.html?finnkode=360239172
